name,price,stock
2020 Chevrolet  Trax  LT," $19,658",LL312380
2020 Chevrolet  Trax  LT," $19,658",LL315669
2020 Subaru  Impreza  Base," $20,655",L3615387
2020 Ford  EcoSport  S," $20,568",LC394390
2020 Ford  EcoSport  S," $20,568",LC394392
2020 Volkswagen  Jetta  S," $19,724",LM086508
2020 Chevrolet  Trax  LT," $19,658",LL313626
2020 Honda  Fit  LX," $17,945",LM729464
2020 Chevrolet  Trax  LT," $20,273",LL293351
2020 Chevrolet  Trax  LS," $17,939",LL321472
2020 Honda  Fit  LX," $17,945",LM733549
2020 Honda  Fit  LX," $17,945",LM732410
2020 Honda  Fit  Sport," $19,355",LM734160
2020 Subaru  Impreza  Base," $20,655",L3615371
2020 Chevrolet  Sonic  LT," $18,005",L4141211
2020 Honda  Civic Sedan  LX," $21,755",LE215285
2020 Subaru  Impreza  Base Trim Level," $21,294",L3735022
2020 Honda  Civic Sedan  LX," $21,755",LE216901
2020 Chevrolet  Equinox  LS," $21,331",L6259939
2020 Honda  Civic Sedan  LX," $21,755",LE216370
2020 Subaru  Impreza  Base," $21,294",L3735234
2020 Chevrolet  Equinox  LS," $21,331",LS698941
2020 Honda  Civic Sedan  LX," $21,755",LE215916
2020 Subaru  Impreza  Base Trim Level," $21,294",L3730389
2020 Subaru  Impreza  Base Trim Level," $21,294",L3730490
2020 Subaru  Impreza  Base Trim Level," $21,294",L3734925
2020 Subaru  Impreza  Base," $21,294",L3735421
2020 Subaru  Impreza  Base," $21,294",L3734962
2020 Subaru  Impreza  Base Trim Level," $21,294",L3734891
2020 Subaru  Impreza  Base," $21,294",L3735418
2020 Honda  Civic Sedan  LX," $21,755",LE215499
2020 Chevrolet  Equinox  LS," $22,796",LS698911
2020 Ford  Fusion Hybrid  SE," $22,361",LR235696
2020 Ford  EcoSport  S," $22,555",LC385913
2020 Toyota  C-HR  LE," $22,411",LR117996
2020 Toyota  C-HR  LE," $22,406",LR115752
2020 Toyota  C-HR  LE," $22,406",LR115753
2020 Volkswagen  Jetta  SE," $22,440",LM083980
2020 Ford  EcoSport  S," $22,100",LC394394
2020 Volkswagen  Jetta  SE," $22,440",LM079513
2020 Ford  EcoSport  S," $22,100",LC394397
2020 Chevrolet  Equinox  LS," $21,930",L6258176
2020 Ford  EcoSport  S," $22,100",LC388608
2020 Ford  EcoSport  S," $22,100",LC385912
2020 Ford  EcoSport  S," $22,100",LC394396
2020 Ford  EcoSport  SE," $23,080",LC338152
2020 Subaru  Impreza  Premium," $22,991",L3615595
2020 Chevrolet  Equinox  LS," $23,395",LS698912
2020 Volkswagen  Jetta  SE," $22,870",LM082320
2020 Chevrolet  Equinox  LS," $23,395",LS673837
2020 Subaru  Impreza  Premium," $22,991",L3615472
2020 Subaru  Impreza  Premium," $22,991",L3615162
2020 Ford  EcoSport  SE," $23,080",LC326430
2020 Subaru  Impreza  Premium," $23,319",L3734809
2020 Volkswagen  Jetta  R-Line," $22,905",LM087536
2020 Volkswagen  Jetta  SE," $22,870",LM084220
2020 Ford  Escape  SE," $22,990",LUC34702
2020 Volkswagen  Jetta  SE," $22,870",LM096776
2020 Subaru  Impreza  Premium," $22,991",L3615592
2020 Subaru  Impreza  Premium," $22,991",L3615568
2020 Honda  HR-V  LX," $23,540",LM737828
2020 Ford  Escape  SE," $23,493",LUC63893
2020 Ford  Escape  SE," $23,549",LUC15784
2020 Subaru  Impreza  Premium," $23,519",L3734964
2020 Subaru  Impreza  Premium," $23,519",L3735559
2020 Subaru  Legacy  Base Trim Level," $23,813",L3033875
2020 Chevrolet  Equinox  LS," $23,395",LS677520
2020 Ford  Escape  SE," $23,493",LUC69237
2020 Ford  Escape  SE," $23,493",LUC61812
2020 Ford  Escape  SE," $23,493",LUC73241
2020 Ford  Escape  SE," $23,493",LUC63418
2020 Ford  Escape  SE," $23,493",LUC62424
2020 Ford  Escape  SE," $23,493",LUC70992
2020 Ford  Escape  SE," $23,493",LUC61806
2020 Ford  Escape  SE," $23,493",LUC72433
2020 Ford  Escape  S," $25,082",LUB96887
2020 Ford  Escape  SE," $23,864",LUC69313
2020 Ford  Escape  SE," $24,705",LUC65791
2020 Honda  Civic Sedan  EX," $24,905",LE221536
2020 Subaru  Impreza  Premium," $24,740",L3615498
2020 Subaru  Impreza  Sport," $24,282",L3615227
2020 Toyota  Camry  LE," $24,848",LU999324
2020 Toyota  Camry  LE," $24,912",LU988864
2020 Toyota  Camry  LE," $24,952",LU995303
2020 Ford  Escape  SE," $24,146",LUC64029
2020 Ford  Escape  SE," $24,146",LUC65375
2020 Toyota  Camry  LE," $24,757",LU992116
2020 Ford  Escape  SE," $24,146",LUC68262
2020 Ford  Escape  SE," $24,146",LUC71994
2020 Ford  EcoSport  SE," $24,099",LC338060
2020 Ford  EcoSport  SE," $25,872",LC392753
2020 Chevrolet  Equinox  LT," $25,940",L6285167
2020 Toyota  Prius  LE," $25,790",L112GK89
2020 Dodge  Journey  SE Value," $25,170",LT260762
2020 Ford  EcoSport  SE," $25,872",LC392752
2020 Ford  EcoSport  SES," $25,832",LC331894
2020 Ford  EcoSport  SE," $25,780",LC364036
2020 Dodge  Journey  SE Value," $25,170",LT260763
2020 Ford  EcoSport  SE," $25,325",LC392754
2020 Toyota  C-HR  XLE," $25,335",L1093404
2020 Ford  EcoSport  SE," $25,325",LC392751
2020 Volkswagen  Passat  2.0T R-Line," $25,296",LC027821
2020 Subaru  Impreza  Premium," $25,268",L3735278
2020 Chevrolet  Equinox  LT," $25,774",LL324852
2020 Volkswagen  Jetta  SEL," $25,174",LM088530
2020 Chevrolet  Equinox  LT," $25,966",LL304342
2020 Ford  EcoSport  SE," $26,148",LC365033
2020 Dodge  Journey  SE Value," $26,015",LT249351
2020 Chevrolet  Equinox  LT," $26,311",L6262483
2020 Ford  EcoSport  Titanium," $26,345",LC353965
2020 Chevrolet  Equinox  LT," $25,966",LL296422
2020 Chevrolet  Equinox  LT," $26,311",L6256363
2020 Chevrolet  Equinox  LT," $25,966",LS688648
2020 Ford  EcoSport  SE," $26,195",LC392759
2020 Volkswagen  Jetta GLI  S," $26,164",LM081415
2020 Chevrolet  Equinox  LT," $25,966",LS688647
2020 Ford  EcoSport  SE," $26,148",LC363845
2020 Chevrolet  Equinox  LT," $26,136",LL322032
2020 Ford  EcoSport  SE," $26,148",LC368804
2020 Chevrolet  Equinox  LT," $25,966",LL328390
2020 Honda  HR-V  EX," $26,690",LM738857
2020 Ford  Escape  SE," $26,799",LUC07457
2020 Honda  HR-V  EX," $26,690",LM736384
2020 Honda  HR-V  EX," $26,690",LM734322
2020 Honda  HR-V  EX," $26,690",LM737274
2020 Ford  EcoSport  SE," $26,695",LC364045
2020 Ford  EcoSport  SE," $26,361",LC352410
2020 Toyota  Camry  LE," $26,624",LU40G966
2020 Ford  Escape  SEL," $26,590",LUC73362
2020 Honda  HR-V  EX," $26,690",LM734999
2020 Ford  EcoSport  SE," $26,603",LC376972
2020 Ford  EcoSport  SE," $26,612",LC368420
2020 Ford  Escape  SE," $26,715",LUA96825
2020 Subaru  Impreza  Sport," $26,474",L3615475
2020 Ford  Escape  S," $26,445",LUB97603
2020 Ford  EcoSport  SES," $27,566",LC364927
2020 Volkswagen  Jetta  SEL Premium," $27,527",LM103301
2020 Volkswagen  Passat  2.0T SEL," $27,520",LC027310
2020 Ford  Escape  SEL," $27,624",LUC34059
2020 Ford  Transit Connect Van  XL," $27,565",L1475582
2020 Ford  Escape  SE," $26,893",LUC09064
2020 Ford  EcoSport  SES," $27,566",LC364800
2020 Ford  Edge  SE," $27,385",LBB23355
2020 Subaru  Impreza  Sport," $27,050",L3723248
2020 Ford  Escape  SEL," $27,121",LUC28102
2020 Ford  EcoSport  SES," $27,516",LC353856
2020 Ford  EcoSport  SE," $27,190",LC392760
2020 Ford  Fusion Hybrid  SE," $27,372",LR220527
2020 Ford  EcoSport  SES," $27,240",LC343719
2020 Volkswagen  Jetta GLI  S," $26,914",LM103227
2020 Ford  EcoSport  SES," $27,658",LC377544
2020 Ford  EcoSport  SES," $27,658",LC377191
2020 Ford  Escape  SEL," $27,624",LUC73604
2020 Subaru  WRX  Manual," $27,790",L9829225
2020 Ford  Escape  SEL," $27,774",LUC37267
2020 Subaru  WRX  Base Trim Level," $27,829",L9825645
2020 Ford  EcoSport  SES," $27,658",LC377546
2020 Ford  EcoSport  SES," $27,658",LC376976
2020 Ford  EcoSport  SES," $27,658",LC377549
2020 Ford  EcoSport  SES," $27,658",LC377548
2020 Ford  EcoSport  SES," $27,658",LC377543
2020 Ford  EcoSport  SES," $27,658",LC377547
2020 Ford  EcoSport  SES," $27,658",LC376975
2020 Volkswagen  Golf GTI  S," $27,649",LM005984
2020 Ford  Escape  S," $27,630",LUC71759
2020 Ford  Escape  SE," $28,268",LUB62076
2020 Subaru  WRX  Base Trim Level," $27,926",L9827539
2020 Ford  Edge  SE," $28,043",LBB61974
2020 Ford  Escape  SE," $28,231",LUB61004
2020 Ford  Edge  SE," $28,043",LBB53295
2020 Ford  Escape  SE," $28,268",LUC13712
2020 Ford  EcoSport  SES," $28,029",LC364267
2020 Ford  EcoSport  SES," $28,021",LC376977
2020 Honda  Accord Sedan  Sport," $27,935",LA134947
2020 Ford  EcoSport  Titanium," $27,980",LC377617
2020 Ford  EcoSport  SES," $28,021",LC376974
2020 Honda  Accord Sedan  Sport," $27,935",LA151736
2020 Honda  Accord Sedan  Sport," $27,935",LA153735
2020 Honda  Accord Sedan  Sport," $27,935",LA153774
2020 Honda  Accord Sedan  Sport," $27,935",LA151269
